,cash,dt_trade,id_instrument,margin capital,premium paid,trade_price,trading_cost,trading_type,unit
0,962872.0,2015-12-22,50etf_1603_c_2.6,0.0,37128.0,0.0952,7.425600000000001,多开,39.0
1,925821.0,2015-12-22,50etf_1603_c_2.75,0.0,37051.0,0.0553,7.4102000000000015,多开,67.0
2,889293.0,2015-12-22,50etf_1603_c_2.45,0.0,36528.0,0.1522,7.3056,多开,24.0
3,852597.0,2015-12-22,50etf_1603_c_2.55,0.0,36696.0,0.1112,7.3392,多开,33.0
4,815467.0,2015-12-22,50etf_1603_c_2.65,0.0,37130.0,0.079,7.426,多开,47.0
5,810988.16,2015-12-22,50etf_1601_c_2.45,41419.840000000004,-36941.0,0.0901,7.3882,空开,41.0
6,806773.4,2015-12-22,50etf_1601_c_2.4,82493.6,-36859.0,0.1189,7.3718,空开,31.0
7,805123.2000000001,2015-12-22,50etf_1601_c_2.55,121291.80000000002,-37148.0,0.0502,7.429600000000001,空开,74.0
8,802999.1000000001,2015-12-22,50etf_1601_c_2.5,160485.90000000002,-37070.0,0.0674,7.4140000000000015,空开,55.0
9,803461.2600000001,2015-12-22,50etf_1601_c_2.6,197335.74000000002,-37312.0,0.0352,7.4624000000000015,空开,106.0
10,545980.6072,2016-01-20,50etf_1603_c_2.6,459644.00000000035,-37128.0,0.0124,0.9672,多平,39.0
11,551265.1384,2016-01-20,50etf_1603_c_2.75,459644.00000000035,-37051.0,0.0079,1.0586000000000002,多平,67.0
12,556488.7864000001,2016-01-20,50etf_1603_c_2.45,459644.00000000035,-36528.0,0.0218,1.0464,多平,24.0
13,561100.5232,2016-01-20,50etf_1603_c_2.55,459644.00000000035,-36696.0,0.014,0.924,多平,33.0
14,565886.1384,2016-01-20,50etf_1603_c_2.65,459644.00000000035,-37130.0,0.0102,0.9588000000000001,多平,47.0
15,627091.7092,2016-01-20,50etf_1601_c_2.45,398226.00000000035,36941.0,0.0005,0.04100000000000001,空平,41.0
16,673584.294,2016-01-20,50etf_1601_c_2.4,351509.00000000035,36859.0,0.0007,0.0434,空平,31.0
17,784058.82,2016-01-20,50etf_1601_c_2.55,240805.00000000035,37148.0,0.0003,0.044399999999999995,空平,74.0
18,866166.362,2016-01-20,50etf_1601_c_2.5,158470.00000000035,37070.0,0.0004,0.04400000000000001,空平,55.0
19,1024310.8359999999,2016-01-20,50etf_1601_c_2.6,3.2014213502407074e-10,37312.0,0.0003,0.06359999999999999,空平,106.0
20,991725.8359999999,2016-01-20,50etf_1603_c_2.35,3.2014213502407074e-10,32584.999999999996,0.0343,6.5169999999999995,多开,95.0
21,958813.8359999999,2016-01-20,50etf_1603_c_2.8,3.2014213502407074e-10,32912.0,0.0068,6.582400000000001,多开,484.0
22,926061.8359999999,2016-01-20,50etf_1606_c_2.65,3.2014213502407074e-10,32752.0,0.0368,6.5504,多开,89.0
23,894749.8359999999,2016-01-20,50etf_1606_c_1.95,3.2014213502407074e-10,31312.000000000004,0.1957,6.2624,多开,16.0
24,862549.8359999999,2016-01-20,50etf_1606_c_2.1,3.2014213502407074e-10,32200.000000000004,0.14,6.44,多开,23.0
25,854695.6359999999,2016-01-20,50etf_1603_c_2.5,40724.20000000032,-32870.0,0.019,6.574000000000001,空开,173.0
26,851866.306,2016-01-20,50etf_1603_c_2.9,76439.53000000032,-32886.0,0.0058,6.5771999999999995,空开,567.0
27,841830.5059999999,2016-01-20,50etf_1603_c_2.3,119155.33000000031,-32679.999999999996,0.043,6.536,空开,76.0
28,830513.186,2016-01-20,50etf_1603_c_2.25,163106.6500000003,-32634.0,0.0518,6.5268,空开,63.0
29,822447.086,2016-01-20,50etf_1603_c_2.65,204016.75000000032,-32844.0,0.0102,6.568800000000001,空开,322.0
30,-239403.2480000001,2016-02-24,50etf_1603_c_2.65,1263284.0000000016,32844.0,0.0008,0.5152,空平,322.0
31,-235990.44900000008,2016-02-24,50etf_1603_c_2.35,1263284.0000000016,-32584.999999999996,0.0036,0.6839999999999999,多平,95.0
32,-234061.4186000001,2016-02-24,50etf_1603_c_2.8,1263284.0000000016,-32912.0,0.0004,0.3872000000000001,多平,484.0
33,-227038.3752000001,2016-02-24,50etf_1606_c_2.65,1263284.0000000016,-32752.0,0.0079,1.4062000000000001,多平,89.0
34,-205288.9896000001,2016-02-24,50etf_1606_c_1.95,1263284.0000000016,-31312.000000000004,0.136,4.352,多平,16.0
35,-187496.9900000001,2016-02-24,50etf_1606_c_2.1,1263284.0000000016,-32200.000000000004,0.0774,3.5604,多平,23.0
36,58328.95159999991,2016-02-24,50etf_1603_c_2.5,1015029.0000000016,32870.0,0.0014,0.48440000000000005,空平,173.0
37,864595.9208,2016-02-24,50etf_1603_c_2.9,206487.00000000163,32886.0,0.0004,0.4536,空平,567.0
38,972736.5791999999,2016-02-24,50etf_1603_c_2.3,94311.00000000163,32679.999999999996,0.0053,0.8056,空平,76.0
39,1062252.0948,2016-02-24,50etf_1603_c_2.25,1.6298145055770874e-09,32634.0,0.0076,0.9576,空平,63.0
40,1039620.0948000001,2016-02-25,50etf_1606_c_1.95,1.6298145055770874e-09,22632.0,0.0984,4.5264,多开,23.0
41,1016988.0948000001,2016-02-25,50etf_1606_c_2.45,1.6298145055770874e-09,22632.0,0.0123,4.5264,多开,184.0
42,994625.0948000001,2016-02-25,50etf_1606_c_1.9,1.6298145055770874e-09,22363.0,0.1177,4.4726,多开,19.0
43,972401.0948000001,2016-02-25,50etf_1609_c_2.1,1.6298145055770874e-09,22224.0,0.0926,4.4448,多开,24.0
44,950450.0948000001,2016-02-25,50etf_1609_c_2.15,1.6298145055770874e-09,21951.0,0.0813,4.3902,多开,27.0
45,932397.8348000001,2016-02-25,50etf_1604_c_2.0,40670.26000000163,-22618.0,0.0526,4.5236,空开,43.0
46,916868.8748000001,2016-02-25,50etf_1604_c_1.95,78727.22000000163,-22528.0,0.0704,4.5056,空开,32.0
47,897691.7948000001,2016-02-25,50etf_1604_c_2.05,120248.30000000162,-22344.0,0.0392,4.4688,空开,57.0
48,875649.2148000002,2016-02-25,50etf_1604_c_2.1,164884.88000000163,-22594.0,0.0286,4.5188,空开,79.0
49,851724.8048000002,2016-02-25,50etf_1604_c_2.15,211372.29000000164,-22563.0,0.0207,4.512600000000001,空开,109.0
50,-159570.97759999972,2016-03-23,50etf_1606_c_1.95,1280382.0000000028,-22632.0,0.251,11.546,多平,23.0
51,-84702.48159999972,2016-03-23,50etf_1606_c_2.45,1280382.0000000028,-22632.0,0.0407,14.9776,多平,184.0
52,-30472.803199999733,2016-03-23,50etf_1606_c_1.9,1280382.0000000028,-22363.0,0.2855,10.849,多平,19.0
53,13793.896000000266,2016-03-23,50etf_1609_c_2.1,1280382.0000000028,-22224.0,0.1845,8.856,多平,24.0
54,60436.174600000275,2016-03-23,50etf_1609_c_2.15,1280382.0000000028,-21951.0,0.1728,9.331200000000003,多平,27.0
55,171948.4014000003,2016-03-23,50etf_1604_c_2.0,1085600.600000003,22618.0,0.1936,16.6496,空平,43.0
56,255474.61580000032,2016-03-23,50etf_1604_c_1.95,927655.0000000029,22528.0,0.2325,14.880000000000003,空平,32.0
57,404667.23660000024,2016-03-23,50etf_1604_c_2.05,690888.4000000029,22344.0,0.1536,17.510399999999997,空平,57.0
58,610738.5628000002,2016-03-23,50etf_1604_c_2.1,388018.2000000029,22594.0,0.1225,19.355,空平,79.0
59,896271.7582000002,2016-03-23,50etf_1604_c_2.15,2.9103830456733704e-09,22563.0,0.094,20.492,空平,109.0
60,863493.7582000002,2016-03-23,50etf_1606_c_2.35,2.9103830456733704e-09,32778.0,0.0607,6.5556,多开,54.0
61,830463.7582000002,2016-03-23,50etf_1606_c_2.05,2.9103830456733704e-09,33030.0,0.1835,6.606,多开,18.0
62,797703.7582000002,2016-03-23,50etf_1606_c_2.25,2.9103830456733704e-09,32760.000000000004,0.0936,6.552000000000001,多开,35.0
63,764649.7582000002,2016-03-23,50etf_1609_c_2.2,2.9103830456733704e-09,33054.0,0.1574,6.610800000000001,多开,21.0
64,732309.7582000002,2016-03-23,50etf_1609_c_2.3,2.9103830456733704e-09,32340.0,0.1155,6.468,多开,28.0
65,730610.1082000001,2016-03-23,50etf_1604_c_2.2,34234.650000002905,-32535.000000000004,0.0723,6.507000000000001,空开,45.0
66,725995.7082000001,2016-03-23,50etf_1604_c_2.15,71749.0500000029,-32900.0,0.094,6.580000000000001,空开,35.0
67,724485.0582000001,2016-03-23,50etf_1604_c_2.3,105983.7000000029,-32723.999999999996,0.0404,6.5448,空开,81.0
68,722817.0582000001,2016-03-23,50etf_1604_c_2.25,140651.7000000029,-33000.0,0.055,6.6,空开,60.0
69,718666.6182000001,2016-03-23,50etf_1604_c_2.1,177877.1400000029,-33075.0,0.1225,6.615000000000001,空开,27.0
70,472849.64879999997,2016-04-21,50etf_1604_c_2.1,409212.6000000033,33075.0,0.0536,2.8944,空平,27.0
71,562707.7388,2016-04-21,50etf_1604_c_2.15,312696.60000000324,32900.0,0.019,1.33,空平,35.0
72,573553.0124,2016-04-21,50etf_1606_c_2.35,312696.60000000324,-32778.0,0.0201,2.1708,多平,54.0
73,596203.8740000001,2016-04-21,50etf_1606_c_2.05,312696.60000000324,-33030.0,0.1259,4.532400000000001,多平,18.0
74,610194.5220000001,2016-04-21,50etf_1606_c_2.25,312696.60000000324,-32760.000000000004,0.04,2.8000000000000003,多平,35.0
75,631498.6482000002,2016-04-21,50etf_1609_c_2.2,312696.60000000324,-33054.0,0.1015,4.263,多平,21.0
76,651004.2770000001,2016-04-21,50etf_1609_c_2.3,312696.60000000324,-32340.0,0.0697,3.9032000000000004,多平,28.0
77,744714.4010000001,2016-04-21,50etf_1604_c_2.2,217134.60000000327,32535.000000000004,0.0041,0.3690000000000001,空平,45.0
78,866823.4076000002,2016-04-21,50etf_1604_c_2.3,94776.00000000323,32723.999999999996,0.0003,0.0486,空平,81.0
79,961292.7476000002,2016-04-21,50etf_1604_c_2.25,3.157765604555607e-09,33000.0,0.0005,0.060000000000000005,空平,60.0
80,927372.7476000002,2016-04-21,50etf_1609_c_2.05,3.157765604555607e-09,33920.0,0.1696,6.784,多开,20.0
81,893124.7476000002,2016-04-21,50etf_1609_c_2.1,3.157765604555607e-09,34248.0,0.1427,6.8496,多开,24.0
82,858356.7476000002,2016-04-21,50etf_1609_c_2.25,3.157765604555607e-09,34768.0,0.0848,6.9536,多开,41.0
83,824526.7476000002,2016-04-21,50etf_1609_c_2.0,3.157765604555607e-09,33830.0,0.199,6.766000000000001,多开,17.0
84,790416.7476000002,2016-04-21,50etf_1609_c_1.95,3.157765604555607e-09,34110.0,0.2274,6.822,多开,15.0
85,789728.7476000002,2016-04-21,50etf_1605_c_2.15,35952.00000000316,-35264.0,0.0551,7.0528,空开,64.0
86,787689.3476000002,2016-04-21,50etf_1605_c_2.2,73423.40000000317,-35432.0,0.0344,7.086400000000001,空开,103.0
87,784453.5976000002,2016-04-21,50etf_1605_c_2.25,112184.15000000317,-35525.0,0.0203,7.1049999999999995,空开,175.0
88,782223.6776000002,2016-04-21,50etf_1605_c_2.1,149834.07000000315,-35420.0,0.0805,7.0840000000000005,空开,44.0
89,776044.1576000002,2016-04-21,50etf_1605_c_2.3,191495.59000000317,-35481.99999999999,0.0113,7.0964,空开,314.0
90,-83460.5564000002,2016-05-20,50etf_1609_c_2.05,1068590.0000000035,-33920.0,0.088,3.52,多平,20.0
91,-67366.6268000002,2016-05-20,50etf_1609_c_2.1,1068590.0000000035,-34248.0,0.0671,3.220800000000001,多平,24.0
92,-56715.71240000021,2016-05-20,50etf_1609_c_2.25,1068590.0000000035,-34768.0,0.026,2.132,多平,41.0
93,-37380.34760000021,2016-05-20,50etf_1609_c_2.0,1068590.0000000035,-33830.0,0.1138,3.8692,多平,17.0
94,-15911.465600000214,2016-05-20,50etf_1609_c_1.95,1068590.0000000035,-34110.0,0.1432,4.295999999999999,多平,15.0
95,93482.96639999989,2016-05-20,50etf_1605_c_2.15,958612.4000000034,35264.0,0.0009,0.1152,空平,64.0
96,242867.03879999992,2016-05-20,50etf_1605_c_2.2,809015.2000000033,35432.0,0.0002,0.0412,空平,103.0
97,496679.86379999993,2016-05-20,50etf_1605_c_2.25,554845.2000000032,35525.0,0.0002,0.07,空平,175.0
98,593489.9221999999,2016-05-20,50etf_1605_c_2.1,455739.60000000324,35420.0,0.0052,0.4576,空平,44.0
99,1048908.363,2016-05-20,50etf_1605_c_2.3,3.2014213502407074e-09,35481.99999999999,0.0001,0.06280000000000001,空平,314.0
100,1010034.3629999999,2016-05-20,50etf_1609_c_1.9,3.2014213502407074e-09,38874.0,0.1767,7.7748,多开,22.0
101,970204.3629999999,2016-05-20,50etf_1609_c_2.0,3.2014213502407074e-09,39830.0,0.1138,7.966000000000001,多开,35.0
102,929912.0129999999,2016-05-20,50etf_1612_c_2.202_A,3.2014213502407074e-09,40292.35,0.0475,8.05847,多开,83.0
103,890002.913,2016-05-20,50etf_1612_c_2.104_A,3.2014213502407074e-09,39909.1,0.071,7.98182,多开,55.0
104,849603.2529999999,2016-05-20,50etf_1612_c_2.153_A,3.2014213502407074e-09,40399.659999999996,0.059,8.079932,多开,67.0
105,850304.5029999999,2016-05-20,50etf_1606_c_2.1,39723.7500000032,-40425.00000000001,0.0245,8.085,空开,165.0
106,849511.543,2016-05-20,50etf_1606_c_2.05,80836.7100000032,-40320.0,0.048,8.064,空开,84.0
107,848632.183,2016-05-20,50etf_1606_c_2.0,121748.0700000032,-40032.0,0.0834,8.0064,空开,48.0
108,845797.183,2016-05-20,50etf_1606_c_2.2,165083.0700000032,-40500.0,0.006,8.1,空开,675.0
109,842375.743,2016-05-20,50etf_1606_c_1.95,208600.5100000032,-40096.0,0.1253,8.0192,空开,32.0
110,-1063512.4459999974,2016-06-21,50etf_1609_c_2.0,2157137.200000001,-39830.0,0.1219,8.533,多平,35.0
111,-1020342.8579999974,2016-06-21,50etf_1609_c_1.9,2157137.200000001,-38874.0,0.1963,8.6372,多平,22.0
112,-978370.4442439975,2016-06-21,50etf_1612_c_2.202_A,2157137.200000001,-40292.35,0.0495,8.397774,多平,83.0
113,-936004.5625319974,2016-06-21,50etf_1612_c_2.104_A,2157137.200000001,-39909.1,0.0754,8.476467999999999,多平,55.0
114,-893635.7135451974,2016-06-21,50etf_1612_c_2.153_A,2157137.200000001,-40399.659999999996,0.0619,8.477081199999999,多平,67.0
115,-470456.55054519745,2016-06-21,50etf_1606_c_2.1,1710185.2000000011,40425.00000000001,0.0144,4.752,空平,165.0
116,-254023.4945451975,2016-06-21,50etf_1606_c_2.05,1443334.0000000012,40320.0,0.06,10.08,空平,84.0
117,-130355.6609451975,2016-06-21,50etf_1606_c_2.0,1266847.6000000013,40032.0,0.11,10.56,空平,48.0
118,1002151.1040548005,2016-06-21,50etf_1606_c_2.2,133657.60000000335,40500.0,0.0001,0.135,空平,675.0
119,1084366.4000548003,2016-06-21,50etf_1606_c_1.95,3.3760443329811096e-09,40096.0,0.1607,10.2848,空平,32.0
120,1047069.4000548003,2016-06-21,50etf_1609_c_1.9,3.3760443329811096e-09,37297.0,0.1963,7.4594000000000005,多开,19.0
121,1009127.6500548003,2016-06-21,50etf_1612_c_2.202_A,3.3760443329811096e-09,37941.75,0.0495,7.588350000000001,多开,75.0
122,971170.5700548004,2016-06-21,50etf_1612_c_2.153_A,3.3760443329811096e-09,37957.08,0.0619,7.591416000000001,多开,60.0
123,933152.1700548003,2016-06-21,50etf_1612_c_2.055_A,3.3760443329811096e-09,38018.399999999994,0.093,7.60368,多开,40.0
124,895393.3580548003,2016-06-21,50etf_1612_c_2.104_A,3.3760443329811096e-09,37758.812,0.0754,7.5517624,多开,49.0
125,889860.1580548004,2016-06-21,50etf_1607_c_2.1,43243.20000000338,-37710.0,0.0419,7.542,空开,90.0
126,884883.5580548004,2016-06-21,50etf_1607_c_2.15,86128.80000000338,-37909.0,0.0227,7.581800000000001,空开,167.0
127,878611.9880548003,2016-06-21,50etf_1607_c_2.2,130481.37000000339,-38080.99999999999,0.0113,7.616199999999999,空开,337.0
128,873265.3480548003,2016-06-21,50etf_1607_c_2.05,173458.01000000339,-37629.99999999999,0.071,7.526,空开,53.0
129,869239.4480548003,2016-06-21,50etf_1607_c_2.25,215583.91000000338,-38100.0,0.006,7.620000000000001,空开,635.0
130,-2690692.3967451993,2016-07-19,50etf_1609_c_1.9,3835973.200000004,-37297.0,0.3183,12.095400000000003,多平,19.0
131,-2618050.3179351995,2016-07-19,50etf_1612_c_2.202_A,3835973.200000004,-37941.75,0.0948,14.532839999999998,多平,75.0
132,-2547962.6915375995,2016-07-19,50etf_1612_c_2.104_A,3835973.200000004,-37758.812,0.14,14.021840000000001,多平,49.0
133,-2476792.0014575995,2016-07-19,50etf_1612_c_2.153_A,3835973.200000004,-37957.08,0.1161,14.238503999999999,多平,60.0
134,-2407685.3507535993,2016-07-19,50etf_1612_c_2.055_A,3835973.200000004,-38018.399999999994,0.1691,13.825616000000002,多平,40.0
135,-2155389.8087535994,2016-07-19,50etf_1607_c_2.1,3479069.200000004,37710.0,0.1162,20.916000000000004,空平,90.0
136,-1688221.0695535992,2016-07-19,50etf_1607_c_2.15,2897475.0000000037,37909.0,0.0685,22.879,空平,167.0
137,-751859.1555535991,2016-07-19,50etf_1607_c_2.2,1867737.8000000035,38080.99999999999,0.0277,18.6698,空平,337.0
138,-603346.509353599,2016-07-19,50etf_1607_c_2.05,1631061.0000000035,37629.99999999999,0.1663,17.627800000000004,空平,53.0
139,978166.9646464026,2016-07-19,50etf_1607_c_2.25,1.862645149230957e-09,38100.0,0.0078,9.905999999999999,空平,635.0
140,948972.5126464026,2016-07-19,50etf_1612_c_2.299_A,1.862645149230957e-09,29194.452,0.0621,5.8388904,多开,46.0
141,919884.3486464026,2016-07-19,50etf_1612_c_2.25_A,1.862645149230957e-09,29088.163999999997,0.0749,5.817632799999999,多开,38.0
142,890818.6686464025,2016-07-19,50etf_1612_c_2.202_A,1.862645149230957e-09,29065.68,0.0948,5.813135999999999,多开,30.0
143,861155.1186464025,2016-07-19,50etf_1612_c_2.153_A,1.862645149230957e-09,29663.55,0.1161,5.932709999999999,多开,25.0
144,831775.6846464025,2016-07-19,50etf_1612_c_2.055_A,1.862645149230957e-09,29379.433999999997,0.1691,5.8758868,多开,17.0
145,823834.3246464025,2016-07-19,50etf_1608_c_2.25,37608.36000000186,-29667.0,0.0341,5.933400000000001,空开,87.0
146,813710.4046464025,2016-07-19,50etf_1608_c_2.2,77162.28000000186,-29430.0,0.0545,5.886,空开,54.0
147,803478.7846464025,2016-07-19,50etf_1608_c_2.35,117143.90000000186,-29750.0,0.0125,5.95,空开,238.0
148,793535.7046464025,2016-07-19,50etf_1608_c_2.3,156780.98000000187,-29693.999999999996,0.0202,5.9388,空开,147.0
149,785638.1846464025,2016-07-19,50etf_1608_c_2.15,193680.50000000186,-29002.0,0.0853,5.8004,空开,34.0
150,-851945.3705655967,2016-08-16,50etf_1612_c_2.202_A,1869361.0000000012,-29065.68,0.1243,7.622075999999999,多平,30.0
151,-812228.9993255967,2016-08-16,50etf_1612_c_2.153_A,1869361.0000000012,-29663.55,0.1555,7.9460500000000005,多平,25.0
152,-772265.2967271967,2016-08-16,50etf_1612_c_2.055_A,1869361.0000000012,-29379.433999999997,0.2301,7.9955148000000005,多平,17.0
153,-737207.1978079967,2016-08-16,50etf_1612_c_2.299_A,1869361.0000000012,-29194.452,0.0746,7.0141904,多平,46.0
154,-699394.3166935967,2016-08-16,50etf_1612_c_2.25_A,1869361.0000000012,-29088.163999999997,0.0974,7.5652528000000006,多平,38.0
155,-432738.7772935967,2016-08-16,50etf_1608_c_2.25,1548052.6000000013,29667.0,0.0628,10.9272,空平,87.0
156,-267343.76489359676,2016-08-16,50etf_1608_c_2.2,1323131.8000000012,29430.0,0.1102,11.9016,空平,54.0
157,392429.3631064026,2016-08-16,50etf_1608_c_2.35,640738.2000000018,29750.0,0.0095,4.522,空平,238.0
158,836973.2979064026,2016-08-16,50etf_1608_c_2.3,158548.80000000185,29693.999999999996,0.0256,7.526400000000001,空平,147.0
159,941853.5671064026,2016-08-16,50etf_1608_c_2.15,1.862645149230957e-09,29002.0,0.1578,10.7304,空平,34.0
160,900100.7791064025,2016-08-16,50etf_1703_c_2.397_A,1.862645149230957e-09,41752.788,0.0619,8.3505576,多开,66.0
161,858368.4311064025,2016-08-16,50etf_1703_c_2.25_A,1.862645149230957e-09,41732.348,0.1201,8.3464696,多开,34.0
162,817053.0591064026,2016-08-16,50etf_1703_c_2.299_A,1.862645149230957e-09,41315.371999999996,0.0986,8.263074399999999,多开,41.0
163,774966.0771064026,2016-08-16,50etf_1703_c_2.348_A,1.862645149230957e-09,42086.982,0.0777,8.417396400000001,多开,53.0
164,733301.1811064025,2016-08-16,50etf_1703_c_2.202_A,1.862645149230957e-09,41664.89600000001,0.1456,8.3329792,多开,28.0
165,712670.1511064025,2016-08-16,50etf_1609_c_2.35,62519.03000000186,-41888.00000000001,0.0352,8.377600000000001,空开,119.0
166,751384.5811064026,2016-08-16,50etf_1609_c_2.45,65855.60000000187,-42051.0,0.0107,8.4102,空开,393.0
167,790214.2811064025,2016-08-16,50etf_1609_c_2.4,69015.90000000187,-41990.0,0.019,8.398,空开,221.0
168,770858.8411064025,2016-08-16,50etf_1609_c_2.3,130181.34000000187,-41810.0,0.0565,8.362,空开,74.0
169,755841.4011064025,2016-08-16,50etf_1609_c_2.25,186558.7800000019,-41360.0,0.088,8.272,空开,47.0
170,-517497.55066159746,2016-09-13,50etf_1703_c_2.397_A,1497048.0000000012,-41752.788,0.0551,7.4332104,多平,66.0
171,-484223.97084799747,2016-09-13,50etf_1703_c_2.25_A,1497048.0000000012,-41732.348,0.0958,6.657716800000001,多平,34.0
172,-450843.0191011975,2016-09-13,50etf_1703_c_2.299_A,1497048.0000000012,-41315.371999999996,0.0797,6.6791788,多平,41.0
173,-415379.80224359746,2016-09-13,50etf_1703_c_2.348_A,1497048.0000000012,-42086.982,0.0655,7.095746000000001,多平,53.0
174,-382371.87579559744,2016-09-13,50etf_1703_c_2.202_A,1497048.0000000012,-41664.89600000001,0.1154,6.604572800000001,多平,28.0
175,-179129.20539559753,2016-09-13,50etf_1609_c_2.35,1289036.0000000012,41888.00000000001,0.004,0.9520000000000001,空平,119.0
176,442194.4412044026,2016-09-13,50etf_1609_c_2.45,662987.000000001,42051.0,0.0012,0.9431999999999999,空平,393.0
177,791586.1150044027,2016-09-13,50etf_1609_c_2.4,308945.00000000093,41990.0,0.0021,0.9281999999999999,空平,221.0
178,955560.4062044028,2016-09-13,50etf_1609_c_2.3,138227.0000000008,41810.0,0.0091,1.3468,空平,74.0
179,1084095.197804403,2016-09-13,50etf_1609_c_2.25,7.566995918750763e-10,41360.0,0.0206,1.9364000000000001,空平,47.0
180,1051072.333804403,2016-09-13,50etf_1703_c_2.202_A,7.566995918750763e-10,33022.864,0.1154,6.604572800000001,多开,28.0
181,1018271.243804403,2016-09-13,50etf_1703_c_2.348_A,7.566995918750763e-10,32801.090000000004,0.0655,6.560218000000001,多开,49.0
182,985961.735804403,2016-09-13,50etf_1703_c_2.25_A,7.566995918750763e-10,32309.508,0.0958,6.4619016,多开,33.0
183,953300.659804403,2016-09-13,50etf_1703_c_2.397_A,7.566995918750763e-10,32661.076,0.0551,6.5322152,多开,58.0
184,920719.299804403,2016-09-13,50etf_1703_c_2.299_A,7.566995918750763e-10,32581.359999999997,0.0797,6.516272,多开,40.0
185,909002.019804403,2016-09-13,50etf_1610_c_2.3,44837.280000000756,-33120.0,0.023,6.624,空开,144.0
186,901938.819804403,2016-09-13,50etf_1610_c_2.25,84705.48000000075,-32805.0,0.0405,6.561000000000001,空开,81.0
187,889762.719804403,2016-09-13,50etf_1610_c_2.35,129998.58000000074,-33117.0,0.0133,6.6234,空开,249.0
188,877892.469804403,2016-09-13,50etf_1610_c_2.4,175018.83000000074,-33150.0,0.0078,6.630000000000001,空开,425.0
189,870112.469804403,2016-09-13,50etf_1610_c_2.2,215898.83000000074,-33099.99999999999,0.0662,6.619999999999999,空开,50.0
190,-880642.2169347968,2016-10-20,50etf_1703_c_2.397_A,1981166.700000001,-32661.076,0.0245,2.9045240000000003,多平,58.0
191,-857989.3396107968,2016-10-20,50etf_1703_c_2.25_A,1981166.700000001,-32309.508,0.0672,4.5327744,多平,33.0
192,-837886.9184747968,2016-10-20,50etf_1703_c_2.299_A,1981166.700000001,-32581.359999999997,0.0492,4.022592,多平,40.0
193,-820569.9560903969,2016-10-20,50etf_1703_c_2.348_A,1981166.700000001,-32801.090000000004,0.0346,3.4653976,多平,49.0
194,-794970.3629271968,2016-10-20,50etf_1703_c_2.202_A,1981166.700000001,-33022.864,0.0895,5.1222639999999995,多平,28.0
195,-431695.4573271966,2016-10-20,50etf_1610_c_2.3,1609531.5000000007,33120.0,0.0058,1.6704,空平,144.0
196,-211484.28892719658,2016-10-20,50etf_1610_c_2.25,1363955.7000000007,32805.0,0.0313,5.070600000000001,空平,81.0
197,293430.839472803,2016-10-20,50etf_1610_c_2.35,856792.500000001,33117.0,0.0009,0.4482,空平,249.0
198,972701.454472803,2016-10-20,50etf_1610_c_2.4,176240.00000000105,33150.0,0.0003,0.255,空平,425.0
199,1109927.0344728031,2016-10-20,50etf_1610_c_2.2,1.0477378964424133e-09,33099.99999999999,0.078,7.8,空平,50.0
200,1069864.6344728032,2016-10-20,50etf_1703_c_2.397_A,1.0477378964424133e-09,40062.4,0.0245,8.01248,多开,160.0
201,1030031.1624728033,2016-10-20,50etf_1703_c_2.25_A,1.0477378964424133e-09,39833.471999999994,0.0672,7.966694400000001,多开,58.0
202,990073.0064728033,2016-10-20,50etf_1703_c_2.348_A,1.0477378964424133e-09,39958.155999999995,0.0346,7.9916312,多开,113.0
203,950349.9104728033,2016-10-20,50etf_1703_c_2.299_A,1.0477378964424133e-09,39723.096,0.0492,7.944619200000001,多开,79.0
204,911018.2404728032,2016-10-20,50etf_1703_c_2.202_A,1.0477378964424133e-09,39331.67,0.0895,7.866334,多开,43.0
205,908019.9904728032,2016-10-20,50etf_1611_c_2.3,43094.25000000105,-40096.0,0.0224,8.0192,空开,179.0
206,903991.7504728033,2016-10-20,50etf_1611_c_2.25,87112.49000000104,-39990.0,0.0465,7.998,空开,86.0
207,900716.6604728033,2016-10-20,50etf_1611_c_2.35,130448.58000000103,-40061.0,0.0097,8.0122,空开,413.0
208,893723.9604728033,2016-10-20,50etf_1611_c_2.4,177539.28000000102,-40098.0,0.0041,8.0196,空开,978.0
209,889677.9442328033,2016-10-20,50etf_1612_c_2.202_A,221311.45824000103,-39726.162,0.0617,7.9452324,空开,63.0
210,-3745185.0686471993,2016-11-17,50etf_1703_c_2.397_A,4935457.797200004,-40062.4,0.0485,15.86144,多平,160.0
211,-3678343.080007199,2016-11-17,50etf_1703_c_2.25_A,4935457.797200004,-39833.471999999994,0.1128,13.372665600000001,多平,58.0
212,-3608526.6223003995,2016-11-17,50etf_1703_c_2.299_A,4935457.797200004,-39723.096,0.0865,13.967674,多平,79.0
213,-3533021.8755003996,2016-11-17,50etf_1703_c_2.348_A,4935457.797200004,-39958.155999999995,0.0654,15.105568800000002,多平,113.0
214,-3470199.5303903995,2016-11-17,50etf_1703_c_2.202_A,4935457.797200004,-39331.67,0.143,12.568556,多平,43.0
215,-2969891.3083903994,2016-11-17,50etf_1611_c_2.3,4312322.997200004,40096.0,0.0686,24.5588,空平,179.0
216,-2730134.350790399,2016-11-17,50etf_1611_c_2.25,3971315.7972000036,39990.0,0.1177,20.244400000000002,空平,86.0
217,-1563355.247790399,2016-11-17,50etf_1611_c_2.35,2702084.1972000035,40061.0,0.0248,20.4848,空平,413.0
218,844661.2910096039,2016-11-17,50etf_1611_c_2.4,258844.59720000066,40098.0,0.0036,7.0416,空平,978.0
219,1025768.498196804,2016-11-17,50etf_1612_c_2.202_A,6.402842700481415e-10,39726.162,0.1207,15.5427804,空平,63.0
220,988878.386196804,2016-11-17,50etf_1703_c_2.25_A,6.402842700481415e-10,36890.112,0.1128,7.3780224,多开,32.0
221,952633.156196804,2016-11-17,50etf_1703_c_2.299_A,6.402842700481415e-10,36245.229999999996,0.0865,7.249046,多开,41.0
222,916096.656196804,2016-11-17,50etf_1703_c_2.202_A,6.402842700481415e-10,36536.5,0.143,7.307300000000001,多开,25.0
223,879333.272196804,2016-11-17,50etf_1706_c_2.397_A,6.402842700481415e-10,36763.384000000005,0.0782,7.352676800000001,多开,46.0
224,843031.832196804,2016-11-17,50etf_1706_c_2.348_A,6.402842700481415e-10,36301.44,0.096,7.260288,多开,37.0
225,839280.683396804,2016-11-17,50etf_1612_c_2.299_A,40657.612800000636,-36906.464,0.0488,7.381292800000001,空开,74.0
226,834691.821636804,2016-11-17,50etf_1612_c_2.348_A,82218.34656000065,-36971.871999999996,0.0272,7.3943744,空开,133.0
227,830758.194736804,2016-11-17,50etf_1612_c_2.397_A,123209.69346000065,-37057.72,0.0148,7.411544000000001,空开,245.0
228,827264.794336804,2016-11-17,50etf_1612_c_2.25_A,163541.08386000065,-36837.990000000005,0.0801,7.367598000000001,空开,45.0
229,823510.7839368039,2016-11-17,50etf_1612_c_2.202_A,204301.71426000065,-37006.62,0.1207,7.401324000000001,空开,30.0
230,-611615.1511535957,2016-12-15,50etf_1703_c_2.25_A,1677349.3240000014,-36890.112,0.116,7.587328,多平,32.0
231,-573918.1425595956,2016-12-15,50etf_1703_c_2.299_A,1677349.3240000014,-36245.229999999996,0.09,7.54236,多平,41.0
232,-536578.8206795957,2016-12-15,50etf_1703_c_2.202_A,1677349.3240000014,-36536.5,0.1462,7.47082,多平,25.0
233,-433789.9872035957,2016-12-15,50etf_1612_c_2.202_A,1540820.3440000014,37006.62,0.11,6.7452,空平,30.0
234,-392106.03580919566,2016-12-15,50etf_1706_c_2.397_A,1540820.3440000014,-36763.384000000005,0.0887,8.3399288,多平,46.0
235,-351887.24691639567,2016-12-15,50etf_1706_c_2.348_A,1540820.3440000014,-36301.44,0.1064,8.0468192,多平,37.0
236,-109512.09141559573,2016-12-15,50etf_1612_c_2.299_A,1272416.5720000016,36906.464,0.0344,5.203206399999999,空平,74.0
237,304099.2816152042,2016-12-15,50etf_1612_c_2.348_A,838540.7800000017,36971.871999999996,0.0149,4.0505948,空平,133.0
238,944336.0953912043,2016-12-15,50etf_1612_c_2.397_A,183270.15000000154,37057.72,0.006,3.00468,空平,245.0
239,1096963.4119252043,2016-12-15,50etf_1612_c_2.25_A,1.5425030142068863e-09,36837.990000000005,0.0666,6.1258680000000005,空平,45.0
240,1068667.4119252043,2016-12-15,50etf_1706_c_2.35,1.5425030142068863e-09,28296.0,0.1048,5.6592,多开,27.0
241,1040283.4119252043,2016-12-15,50etf_1706_c_2.4,1.5425030142068863e-09,28384.0,0.0887,5.6768,多开,32.0
242,1012123.4119252043,2016-12-15,50etf_1706_c_2.3,1.5425030142068863e-09,28160.0,0.128,5.632000000000001,多开,22.0
243,983851.4119252043,2016-12-15,50etf_1706_c_2.25,1.5425030142068863e-09,28272.0,0.1488,5.654400000000001,多开,19.0
244,955810.4119252043,2016-12-15,50etf_1706_c_2.45,1.5425030142068863e-09,28041.0,0.0719,5.608200000000001,多开,39.0
245,945581.7619252043,2016-12-15,50etf_1701_c_2.5,38728.650000001544,-28500.0,0.01,5.700000000000001,空开,285.0
246,929186.5519252043,2016-12-15,50etf_1701_c_2.4,83671.86000000156,-28548.0,0.0244,5.7096,空开,117.0
247,913217.0719252044,2016-12-15,50etf_1701_c_2.35,128038.34000000155,-28396.999999999996,0.0389,5.679399999999999,空开,73.0
248,897564.2219252044,2016-12-15,50etf_1701_c_2.45,172181.19000000157,-28490.000000000004,0.0154,5.698,空开,185.0
249,879520.0619252044,2016-12-15,50etf_1701_c_2.3,218737.35000000158,-28512.0,0.0594,5.702400000000001,空开,48.0
250,-146380.02687479524,2017-01-13,50etf_1706_c_2.35,1265525.6000000024,-28296.0,0.0774,4.1796,多平,27.0
251,-127061.56927479524,2017-01-13,50etf_1706_c_2.4,1265525.6000000024,-28384.0,0.0604,3.8656000000000006,多平,32.0
252,-105511.51327479523,2017-01-13,50etf_1706_c_2.3,1265525.6000000024,-28160.0,0.098,4.312000000000001,多平,22.0
253,-82132.84547479523,2017-01-13,50etf_1706_c_2.25,1265525.6000000024,-28272.0,0.1231,4.6778,多平,19.0
254,-64241.033874795234,2017-01-13,50etf_1706_c_2.45,1265525.6000000024,-28041.0,0.0459,3.5802,多平,39.0
255,393804.98112520477,2017-01-13,50etf_1701_c_2.5,806048.6000000024,28500.0,0.0005,0.28500000000000003,空平,285.0
256,594009.2737252046,2017-01-13,50etf_1701_c_2.4,603849.2000000025,28548.0,0.0017,0.39780000000000004,空平,117.0
257,755274.3037252045,2017-01-13,50etf_1701_c_2.35,438124.6000000027,28396.999999999996,0.0061,0.8906000000000001,空平,73.0
258,1052415.3097252045,2017-01-13,50etf_1701_c_2.45,139497.6000000027,28490.000000000004,0.0008,0.29600000000000004,空平,185.0
259,1179904.8073252046,2017-01-13,50etf_1701_c_2.3,2.735760062932968e-09,28512.0,0.025,2.400000000000001,空平,48.0
260,1132627.8073252046,2017-01-13,50etf_1706_c_2.45,2.735760062932968e-09,47277.00000000001,0.0459,9.455400000000001,多开,103.0
261,1085239.8073252046,2017-01-13,50etf_1706_c_2.5,2.735760062932968e-09,47388.0,0.0359,9.4776,多开,132.0
262,1038199.8073252046,2017-01-13,50etf_1706_c_2.3,2.735760062932968e-09,47040.00000000001,0.098,9.408000000000001,多开,48.0
263,990985.8073252046,2017-01-13,50etf_1706_c_2.35,2.735760062932968e-09,47214.0,0.0774,9.4428,多开,61.0
264,944207.8073252046,2017-01-13,50etf_1706_c_2.25,2.735760062932968e-09,46778.00000000001,0.1231,9.3556,多开,38.0
265,945333.2873252046,2017-01-13,50etf_1702_c_2.3,46447.52000000274,-47573.0,0.0421,9.5146,空开,113.0
266,948940.4873252045,2017-01-13,50etf_1702_c_2.35,90360.32000000274,-47520.0,0.022,9.504,空开,216.0
267,948683.0873252045,2017-01-13,50etf_1702_c_2.25,138262.72000000274,-47645.0,0.0733,9.529,空开,65.0
268,951468.7673252046,2017-01-13,50etf_1702_c_2.4,183177.04000000274,-47700.00000000001,0.01,9.540000000000001,空开,477.0
269,946851.8573252045,2017-01-13,50etf_1702_c_2.45,235513.95000000275,-47720.0,0.004,9.544,空开,1193.0
270,-3821232.1418747907,2017-02-17,50etf_1706_c_2.35,5053110.599999996,-47214.0,0.0812,9.906400000000001,多平,61.0
271,-3768788.0426747906,2017-02-17,50etf_1706_c_2.3,5053110.599999996,-47040.00000000001,0.1093,10.492799999999999,多平,48.0
272,-3714544.2510747905,2017-02-17,50etf_1706_c_2.25,5053110.599999996,-46778.00000000001,0.1428,10.8528,多平,38.0
273,-3672641.0906747906,2017-02-17,50etf_1706_c_2.45,5053110.599999996,-47277.00000000001,0.0407,8.3842,多平,103.0
274,-3635697.9602747904,2017-02-17,50etf_1706_c_2.5,5053110.599999996,-47388.0,0.028,7.392,多平,132.0
275,-3302326.39987479,2017-02-17,50etf_1702_c_2.3,4649090.399999996,47573.0,0.0625,14.125000000000002,空平,113.0
276,-2666569.1502747904,2017-02-17,50etf_1702_c_2.35,3975083.999999996,47520.0,0.0177,7.6464,空平,216.0
277,-2475272.35627479,2017-02-17,50etf_1702_c_2.25,3710377.999999996,47645.0,0.1129,14.677,空平,65.0
278,-1241570.4318747905,2017-02-17,50etf_1702_c_2.4,2469987.1999999965,47700.00000000001,0.0014,1.3356,空平,477.0
279,1224827.508325206,2017-02-17,50etf_1702_c_2.45,0.0,47720.0,0.0003,0.7158,空平,1193.0
280,1187087.508325206,2017-02-17,50etf_1709_c_2.5,0.0,37739.99999999999,0.051,7.547999999999999,多开,74.0
281,1149925.508325206,2017-02-17,50etf_1709_c_2.35,0.0,37162.0,0.1093,7.4323999999999995,多开,34.0
282,1112415.508325206,2017-02-17,50etf_1709_c_2.45,0.0,37510.0,0.0682,7.502,多开,55.0
283,1075983.508325206,2017-02-17,50etf_1709_c_2.25,0.0,36432.0,0.1656,7.2864,多开,22.0
284,1039344.5083252061,2017-02-17,50etf_1709_c_2.3,0.0,36638.99999999999,0.1357,7.327799999999999,多开,27.0
285,1026490.1083252061,2017-02-17,50etf_1703_c_2.35,50758.399999999994,-37904.0,0.0368,7.580800000000001,空开,103.0
286,1013570.9683252062,2017-02-17,50etf_1703_c_2.4,101585.53999999998,-37908.0,0.0162,7.5816,空开,234.0
287,1001449.2083252061,2017-02-17,50etf_1703_c_2.45,151627.3,-37920.0,0.006,7.584000000000001,空开,632.0
288,992412.0083252061,2017-02-17,50etf_1703_c_2.3,197894.5,-37230.0,0.073,7.446,空开,51.0
289,984417.1283252061,2017-02-17,50etf_1703_c_2.25,243041.38,-37152.0,0.1161,7.430400000000001,空开,32.0
290,-1263516.3376747947,2017-03-17,50etf_1709_c_2.5,2519451.6000000034,-37739.99999999999,0.0385,5.6979999999999995,多平,74.0
291,-1234561.5636747947,2017-03-17,50etf_1709_c_2.35,2519451.6000000034,-37162.0,0.0852,5.7936000000000005,多平,34.0
292,-1206689.6426747947,2017-03-17,50etf_1709_c_2.45,2519451.6000000034,-37510.0,0.0507,5.577000000000001,多平,55.0
293,-1176606.9482747947,2017-03-17,50etf_1709_c_2.25,2519451.6000000034,-36432.0,0.1368,6.0192000000000005,多平,22.0
294,-1147730.0540747948,2017-03-17,50etf_1709_c_2.3,2519451.6000000034,-36638.99999999999,0.107,5.778,多平,27.0
295,-835566.5944747947,2017-03-17,50etf_1703_c_2.35,2200481.2000000034,37904.0,0.0066,1.3596,空平,103.0
296,-235879.44407479392,2017-03-17,50etf_1703_c_2.4,1598446.0000000028,37908.0,0.001,0.4680000000000001,空平,234.0
297,1049473.9399252064,2017-03-17,50etf_1703_c_2.45,309924.40000000247,37920.0,0.0005,0.632,空平,632.0
298,1208776.0201252063,2017-03-17,50etf_1703_c_2.3,129241.60000000245,37230.0,0.0419,4.2738,空平,51.0
299,1308788.3465252065,2017-03-17,50etf_1703_c_2.25,2.444721758365631e-09,37152.0,0.0913,5.8432,空平,32.0
300,1281453.3465252065,2017-03-17,50etf_1709_c_2.5,2.444721758365631e-09,27335.0,0.0385,5.467,多开,71.0
301,1253819.3465252065,2017-03-17,50etf_1709_c_2.4,2.444721758365631e-09,27634.0,0.0674,5.5268,多开,41.0
302,1226459.3465252065,2017-03-17,50etf_1709_c_2.25,2.444721758365631e-09,27360.000000000004,0.1368,5.472,多开,20.0
303,1199709.3465252065,2017-03-17,50etf_1709_c_2.3,2.444721758365631e-09,26750.0,0.107,5.35,多开,25.0
304,1172331.3465252065,2017-03-17,50etf_1709_c_2.45,2.444721758365631e-09,27378.0,0.0507,5.4756,多开,54.0
305,1150277.4265252065,2017-03-17,50etf_1704_c_2.35,49493.92000000245,-27440.000000000004,0.0245,5.488000000000001,空开,112.0
306,1122968.9065252065,2017-03-17,50etf_1704_c_2.4,104423.44000000245,-27621.000000000004,0.0099,5.5242,空开,279.0
307,1106075.6665252065,2017-03-17,50etf_1704_c_2.3,148805.68000000244,-27489.000000000004,0.0539,5.497800000000002,空开,51.0
308,1073767.9165252065,2017-03-17,50etf_1704_c_2.45,208752.43000000244,-27639.0,0.0037,5.5278,空开,747.0
309,1049215.3165252064,2017-03-17,50etf_1704_c_2.5,260947.03000000244,-27641.999999999996,0.0017,5.5283999999999995,空开,1626.0
310,-3922060.9604747943,2017-04-18,50etf_1709_c_2.5,5246415.000000002,-27335.0,0.02,2.8400000000000003,多平,71.0
311,-3905275.7948747943,2017-04-18,50etf_1709_c_2.45,5246415.000000002,-27378.0,0.0311,3.3588000000000005,多平,54.0
312,-3881985.9268747945,2017-04-18,50etf_1709_c_2.25,5246415.000000002,-27360.000000000004,0.1165,4.66,多平,20.0
313,-3860420.5918747946,2017-04-18,50etf_1709_c_2.3,5246415.000000002,-26750.0,0.0863,4.315,多平,25.0
314,-3841979.8086747946,2017-04-18,50etf_1709_c_2.4,5246415.000000002,-27634.0,0.045,3.6900000000000004,多平,41.0
315,-3516784.0678747944,2017-04-18,50etf_1704_c_2.35,4911355.800000002,27440.000000000004,0.0088,1.9712,空平,112.0
316,-2855671.9174747937,2017-04-18,50etf_1704_c_2.4,4246610.4,27621.000000000004,0.0013,0.7253999999999999,空平,279.0
317,-2704946.078874794,2017-04-18,50etf_1704_c_2.3,4074556.8000000003,27489.000000000004,0.0418,4.263599999999999,空平,51.0
318,-1320313.4524747937,2017-04-18,50etf_1704_c_2.45,2684688.6,27639.0,0.0007,1.0458,空平,747.0
319,1357864.3183252069,2017-04-18,50etf_1704_c_2.5,-4.656612873077393e-10,27641.999999999996,0.0004,1.3008,空平,1626.0
320,1317064.3183252069,2017-04-18,50etf_1709_c_2.5,-4.656612873077393e-10,40800.0,0.02,8.16,多开,204.0
321,1276323.3183252069,2017-04-18,50etf_1709_c_2.45,-4.656612873077393e-10,40740.99999999999,0.0311,8.1482,多开,131.0
322,1235893.3183252069,2017-04-18,50etf_1709_c_2.35,-4.656612873077393e-10,40430.0,0.0622,8.086,多开,65.0
323,1195118.3183252069,2017-04-18,50etf_1709_c_2.25,-4.656612873077393e-10,40775.00000000001,0.1165,8.155000000000001,多开,35.0
324,1154557.3183252069,2017-04-18,50etf_1709_c_2.3,-4.656612873077393e-10,40561.0,0.0863,8.1122,多开,47.0
325,1139620.4683252068,2017-04-18,50etf_1705_c_2.35,55805.849999999526,-40869.0,0.0239,8.1738,空开,171.0
326,1122186.8683252067,2017-04-18,50etf_1705_c_2.4,114099.44999999953,-40859.99999999999,0.009,8.171999999999999,空开,454.0
327,1109439.8683252067,2017-04-18,50etf_1705_c_2.3,167271.44999999955,-40425.00000000001,0.0539,8.085,空开,75.0
328,1097818.5883252067,2017-04-18,50etf_1705_c_2.45,219812.72999999954,-40920.00000000001,0.003,8.184000000000001,空开,1364.0
329,1088030.9083252067,2017-04-18,50etf_1705_c_2.25,270004.40999999957,-40404.0,0.0962,8.0808,空开,42.0
330,-3761678.987274792,2017-05-17,50etf_1709_c_2.5,5136430.800000001,-40800.0,0.0082,3.3456,多平,204.0
331,-3742826.908274792,2017-05-17,50etf_1709_c_2.45,5136430.800000001,-40740.99999999999,0.0144,3.7727999999999997,多平,131.0
332,-3701263.379274792,2017-05-17,50etf_1709_c_2.25,5136430.800000001,-40775.00000000001,0.1188,8.316,多平,35.0
333,-3664571.832874792,2017-05-17,50etf_1709_c_2.3,5136430.800000001,-40561.0,0.0781,7.341400000000001,多平,47.0
334,-3634620.911874792,2017-05-17,50etf_1709_c_2.35,5136430.800000001,-40430.0,0.0461,5.993000000000001,多平,65.0
335,-3118931.6974747917,2017-05-17,50etf_1705_c_2.35,4598670.000000001,40869.0,0.0129,4.4118,空平,171.0
336,-1907305.8498747915,2017-05-17,50etf_1705_c_2.4,3381132.8000000007,40859.99999999999,0.0013,1.1804000000000001,空平,454.0
337,-1677237.5898747914,2017-05-17,50etf_1705_c_2.3,3107772.8000000007,40425.00000000001,0.0577,8.655,空平,75.0
338,1252352.6077252065,2017-05-17,50etf_1705_c_2.45,174081.6000000029,40920.00000000001,0.0003,0.8183999999999999,空平,1364.0
339,1381099.0633252065,2017-05-17,50etf_1705_c_2.25,2.8812792152166367e-09,40404.0,0.1079,9.0636,空平,42.0
340,1343083.0633252065,2017-05-17,50etf_1709_c_2.45,2.8812792152166367e-09,38016.0,0.0144,7.603200000000001,多开,264.0
341,1305136.0633252065,2017-05-17,50etf_1709_c_2.4,2.8812792152166367e-09,37947.0,0.0273,7.5894,多开,139.0
342,1267088.0633252065,2017-05-17,50etf_1709_c_2.5,2.8812792152166367e-09,38048.0,0.0082,7.609600000000001,多开,464.0
343,1229600.0633252065,2017-05-17,50etf_1709_c_2.3,2.8812792152166367e-09,37488.0,0.0781,7.4976,多开,48.0
344,1191584.0633252065,2017-05-17,50etf_1709_c_2.25,2.8812792152166367e-09,38016.0,0.1188,7.603200000000001,多开,32.0
345,1168740.2633252065,2017-05-17,50etf_1706_c_2.35,60916.80000000288,-38073.0,0.0259,7.6146,空开,147.0
346,1146141.2633252065,2017-05-17,50etf_1706_c_2.4,121585.80000000288,-38070.0,0.0094,7.614000000000001,空开,405.0
347,1131858.5433252065,2017-05-17,50etf_1706_c_2.3,173569.52000000287,-37701.0,0.0639,7.5402,空开,59.0
348,1117385.2533252065,2017-05-17,50etf_1706_c_2.45,226156.81000000288,-38114.0,0.0038,7.622800000000001,空开,1003.0
349,1106297.1733252064,2017-05-17,50etf_1706_c_2.25,275018.89000000287,-37774.0,0.1111,7.554800000000001,空开,34.0
350,-4248554.802274792,2017-06-16,50etf_1709_c_2.5,5871095.000000004,-38048.0,0.052,48.256,多平,464.0
351,-4049810.1638747924,2017-06-16,50etf_1709_c_2.45,5871095.000000004,-38016.0,0.0753,39.7584,多平,264.0
352,-3978152.1030747923,2017-06-16,50etf_1709_c_2.25,5871095.000000004,-38016.0,0.224,14.336000000000002,多平,32.0
353,-3891776.8806747925,2017-06-16,50etf_1709_c_2.3,5871095.000000004,-37488.0,0.18,17.28,多平,48.0
354,-3750310.7704747925,2017-06-16,50etf_1709_c_2.4,5871095.000000004,-37947.0,0.1018,28.300400000000003,多平,139.0
355,-3303029.8720747926,2017-06-16,50etf_1706_c_2.35,5261339.000000004,38073.0,0.1105,32.487,空平,147.0
356,-2062978.516074793,2017-06-16,50etf_1706_c_2.4,3766079.0000000037,38070.0,0.063,51.03000000000001,空平,405.0
357,-1883821.7592747929,2017-06-16,50etf_1706_c_2.3,3493381.0000000037,37701.0,0.1585,18.703,空平,59.0
358,1171255.8601252066,2017-06-16,50etf_1706_c_2.45,174454.0000000042,38114.0,0.0263,52.75780000000001,空平,1003.0
359,1274390.0457252066,2017-06-16,50etf_1706_c_2.25,4.220055416226387e-09,37774.0,0.2097,14.2596,空平,34.0
360,1236030.0457252066,2017-06-16,50etf_1709_c_2.35,4.220055416226387e-09,38360.0,0.137,7.6720000000000015,多开,28.0
361,1198230.0457252066,2017-06-16,50etf_1709_c_2.3,4.220055416226387e-09,37800.0,0.18,7.56,多开,21.0
362,1160150.0457252066,2017-06-16,50etf_1709_c_2.25,4.220055416226387e-09,38080.0,0.224,7.6160000000000005,多开,17.0
363,1121620.1907252066,2017-06-16,50etf_1712_c_2.553_A,4.220055416226387e-09,38529.854999999996,0.0485,7.705971000000001,多开,78.0
364,1083365.3307252065,2017-06-16,50etf_1712_c_2.504_A,4.220055416226387e-09,38254.86,0.0626,7.650972,多开,60.0
365,1070004.8507252065,2017-06-16,50etf_1707_c_2.5,52070.48000000422,-38710.0,0.0245,7.742000000000001,空开,158.0
366,1055866.4507252066,2017-06-16,50etf_1707_c_2.55,104842.88000000422,-38634.0,0.0141,7.7268,空开,274.0
367,1043911.5707252066,2017-06-16,50etf_1707_c_2.45,155269.76000000423,-38472.0,0.0458,7.6944,空开,84.0
368,1031706.0107252065,2017-06-16,50etf_1707_c_2.6,206103.32000000423,-38627.99999999999,0.0087,7.725599999999999,空开,444.0
369,1022190.0107252065,2017-06-16,50etf_1707_c_2.4,254319.32000000423,-38700.0,0.0774,7.739999999999999,空开,50.0
370,-2810112.2932747933,2017-07-14,50etf_1709_c_2.25,4156640.000000005,-38080.0,0.412,14.008000000000001,多平,17.0
371,-2733548.1706747934,2017-07-14,50etf_1709_c_2.3,4156640.000000005,-37800.0,0.3647,15.317400000000001,多平,21.0
372,-2645457.4658747935,2017-07-14,50etf_1709_c_2.35,4156640.000000005,-38360.0,0.3147,17.623199999999997,多平,28.0
373,-2525450.8065203936,2017-07-14,50etf_1712_c_2.553_A,4156640.000000005,-38529.854999999996,0.1511,24.007674600000005,多平,78.0
374,-2414871.479312394,2017-07-14,50etf_1712_c_2.504_A,4156640.000000005,-38254.86,0.181,22.12182,多平,60.0
375,-1951895.455312394,2017-07-14,50etf_1707_c_2.5,3438435.2000000053,38710.0,0.1615,51.034,空平,158.0
376,-1153639.254112394,2017-07-14,50etf_1707_c_2.55,2327748.8000000054,38634.0,0.114,62.47200000000001,空平,274.0
377,-907932.1645123942,2017-07-14,50etf_1707_c_2.45,1903918.4000000055,38472.0,0.212,35.616,空平,84.0
378,410056.79388760537,2017-07-14,50etf_1707_c_2.6,277280.0000000058,38627.99999999999,0.0695,61.71600000000001,空平,444.0
379,556202.8338876055,2017-07-14,50etf_1707_c_2.4,5.820766091346741e-09,38700.0,0.2622,26.220000000000002,空平,50.0
380,528811.2948876055,2017-07-14,50etf_1712_c_2.7_A,5.820766091346741e-09,27391.539,0.0791,5.4783078000000005,多开,34.0
381,501366.7938876055,2017-07-14,50etf_1712_c_2.651_A,5.820766091346741e-09,27444.501,0.0998,5.488900200000001,多开,27.0
382,474609.7803876055,2017-07-14,50etf_1712_c_2.602_A,5.820766091346741e-09,26757.013499999994,0.1251,5.3514026999999995,多开,21.0
383,448447.5708876055,2017-07-14,50etf_1712_c_2.553_A,5.820766091346741e-09,26162.2095,0.1511,5.2324419,多开,17.0
384,422638.7808876055,2017-07-14,50etf_1712_c_2.504_A,5.820766091346741e-09,25808.789999999997,0.181,5.161758,多开,14.0
385,427705.8208876055,2017-07-14,50etf_1708_c_2.65,22520.960000005816,-27588.000000000004,0.0627,5.517600000000001,空开,44.0
386,434893.8808876055,2017-07-14,50etf_1708_c_2.7,42788.900000005815,-27456.0,0.0416,5.491200000000001,空开,66.0
387,443766.0808876055,2017-07-14,50etf_1708_c_2.75,61456.70000000582,-27540.0,0.0255,5.508000000000001,空开,108.0
388,447027.6808876055,2017-07-14,50etf_1708_c_2.6,85615.10000000581,-27420.0,0.0914,5.484,空开,30.0
389,449277.2008876055,2017-07-14,50etf_1708_c_2.55,110245.58000000581,-26880.0,0.128,5.376,空开,21.0
390,-212574.24385559384,2017-08-11,50etf_1712_c_2.553_A,791082.0000000054,-26162.2095,0.1097,3.7988013,多平,17.0
391,-192806.12806019385,2017-08-11,50etf_1712_c_2.504_A,791082.0000000054,-25808.789999999997,0.1387,3.9554465999999997,多平,14.0
392,-175154.34852599385,2017-08-11,50etf_1712_c_2.7_A,791082.0000000054,-27391.539,0.051,3.5321580000000004,多平,34.0
393,-157013.79736019386,2017-08-11,50etf_1712_c_2.651_A,791082.0000000054,-27444.501,0.066,3.6299340000000004,多平,27.0
394,-138692.87025179385,2017-08-11,50etf_1712_c_2.602_A,791082.0000000054,-26757.013499999994,0.0857,3.6659889000000003,多平,21.0
395,8216.503348206123,2017-08-11,50etf_1708_c_2.65,638622.0000000054,27588.000000000004,0.0126,1.1088,空平,44.0
396,193274.35214820583,2017-08-11,50etf_1708_c_2.7,450258.00000000565,27456.0,0.005,0.66,空平,66.0
397,437348.3689482055,2017-08-11,50etf_1708_c_2.75,203802.00000000594,27540.0,0.0022,0.47520000000000007,空平,108.0
398,541290.8569482055,2017-08-11,50etf_1708_c_2.6,89712.00000000597,27420.0,0.0338,2.0279999999999996,空平,30.0
399,616189.5199482054,2017-08-11,50etf_1708_c_2.55,5.980837158858776e-09,26880.0,0.0705,2.961,空平,21.0
400,600482.2129482054,2017-08-11,50etf_1803_c_2.749_A,5.980837158858776e-09,15707.306999999997,0.0701,3.1414614,多开,22.0
401,584420.4679482054,2017-08-11,50etf_1803_c_2.7_A,5.980837158858776e-09,16061.745000000003,0.083,3.2123490000000006,多开,19.0
402,568522.7014482054,2017-08-11,50etf_1803_c_2.553_A,5.980837158858776e-09,15897.7665,0.1419,3.1795533000000002,多开,11.0
403,553291.0339482054,2017-08-11,50etf_1803_c_2.651_A,5.980837158858776e-09,15231.667500000001,0.0997,3.0463335000000002,多开,15.0
404,537726.3169482055,2017-08-11,50etf_1803_c_2.504_A,5.980837158858776e-09,15564.717,0.1698,3.1129434000000002,多开,9.0
405,529678.4269482055,2017-08-11,50etf_1709_c_2.65,23996.89000000598,-15949.0,0.0389,3.1898,空开,41.0
406,520355.41694820544,2017-08-11,50etf_1709_c_2.7,49294.900000005975,-15975.0,0.0225,3.1950000000000003,空开,71.0
407,510966.6469482054,2017-08-11,50etf_1709_c_2.75,74665.67000000598,-15982.0,0.0122,3.1964000000000006,空开,131.0
408,503797.92694820545,2017-08-11,50etf_1709_c_2.8,97880.39000000598,-16046.0,0.0071,3.2092000000000005,空开,226.0
409,495497.92694820545,2017-08-11,50etf_1709_c_2.6,121680.39000000598,-15500.0,0.062,3.1,空开,25.0
410,-1052622.7427773946,2017-09-08,50etf_1803_c_2.749_A,1698988.4000000046,-15707.306999999997,0.1303,5.8392642,多平,22.0
411,-1023469.0771684946,2017-09-08,50etf_1803_c_2.7_A,1698988.4000000046,-16061.745000000003,0.1507,5.8325421,多平,19.0
412,-996891.6684028945,2017-09-08,50etf_1803_c_2.553_A,1698988.4000000046,-15897.7665,0.2373,5.317181100000001,多平,11.0
413,-969965.8690828945,2017-09-08,50etf_1803_c_2.651_A,1698988.4000000046,-15231.667500000001,0.1763,5.386846500000001,多平,15.0
414,-944821.1366014946,2017-09-08,50etf_1803_c_2.504_A,1698988.4000000046,-15564.717,0.2744,5.0305752,多平,9.0
415,-808687.9756014947,2017-09-08,50etf_1709_c_2.65,1521597.8000000045,15949.0,0.1006,8.2492,空平,41.0
416,-572156.0764014947,2017-09-08,50etf_1709_c_2.7,1242525.2000000044,15975.0,0.0599,8.5058,空平,71.0
417,-146994.08300149487,2017-09-08,50etf_1709_c_2.75,775300.6000000045,15982.0,0.0321,8.4102,空平,131.0
418,471240.8497985051,2017-09-08,50etf_1709_c_2.8,119765.00000000454,16046.0,0.0165,7.458,空平,226.0
419,553770.304798505,2017-09-08,50etf_1709_c_2.6,4.554749466478825e-09,15500.0,0.1489,7.445,空平,25.0
420,535814.149798505,2017-09-08,50etf_1803_c_2.651_A,4.554749466478825e-09,17956.155000000002,0.1763,3.5912310000000005,多开,10.0
421,517395.595798505,2017-09-08,50etf_1803_c_2.7_A,4.554749466478825e-09,18418.554,0.1507,3.6837108,多开,12.0
422,498816.118798505,2017-09-08,50etf_1803_c_2.749_A,4.554749466478825e-09,18579.477,0.1303,3.7158954,多开,14.0
423,479480.91479850496,2017-09-08,50etf_1803_c_2.553_A,4.554749466478825e-09,19335.204,0.2373,3.8670408000000003,多开,8.0
424,460662.090298505,2017-09-08,50etf_1803_c_2.602_A,4.554749466478825e-09,18818.824500000002,0.2053,3.7637649,多开,9.0
425,458302.090298505,2017-09-08,50etf_1710_c_2.75,21400.000000004555,-19040.0,0.0595,3.808,空开,32.0
426,455728.810298505,2017-09-08,50etf_1710_c_2.8,43125.28000000455,-19152.0,0.0399,3.8304,空开,48.0
427,453608.350298505,2017-09-08,50etf_1710_c_2.9,64715.74000000455,-19470.0,0.0165,3.894,空开,118.0
428,450620.030298505,2017-09-08,50etf_1710_c_2.85,87160.06000000455,-19456.0,0.0256,3.8912,空开,76.0
429,447387.790298505,2017-09-08,50etf_1710_c_2.7,109730.30000000456,-19338.000000000004,0.0879,3.8676000000000004,空开,22.0
430,-226969.5916086955,2017-10-13,50etf_1803_c_2.749_A,801205.6000000052,-18579.477,0.1201,3.4250118,多平,14.0
431,-208863.8939202955,2017-10-13,50etf_1803_c_2.7_A,801205.6000000052,-18418.554,0.1482,3.6226008000000003,多平,12.0
432,-187947.8817738955,2017-10-13,50etf_1803_c_2.553_A,801205.6000000052,-19335.204,0.2568,4.1848127999999996,多平,8.0
433,-169591.5907158955,2017-10-13,50etf_1803_c_2.651_A,801205.6000000052,-17956.155000000002,0.1803,3.6727109999999996,多平,10.0
434,-149763.01574199548,2017-10-13,50etf_1803_c_2.602_A,801205.6000000052,-18818.824500000002,0.2164,3.9672612000000003,多平,9.0
435,-43125.831741995484,2017-10-13,50etf_1710_c_2.75,683522.4000000053,19040.0,0.0345,2.208,空平,32.0
436,103826.10105800469,2017-10-13,50etf_1710_c_2.8,531381.6000000051,19152.0,0.0108,1.0368,空平,48.0
437,347090.8418580049,2017-10-13,50etf_1710_c_2.9,287286.8000000048,19470.0,0.0007,0.16519999999999999,空平,118.0
438,541920.155458005,2017-10-13,50etf_1710_c_2.85,90477.20000000478,19456.0,0.0026,0.3952,空平,76.0
439,615230.0558580051,2017-10-13,50etf_1710_c_2.7,4.773028194904327e-09,19338.000000000004,0.078,3.432,空平,22.0
440,594435.3413580051,2017-10-13,50etf_1803_c_2.749_A,4.773028194904327e-09,20794.714500000002,0.1201,4.1589429,多开,17.0
441,573602.9423580051,2017-10-13,50etf_1803_c_2.798_A,4.773028194904327e-09,20832.398999999998,0.0974,4.166479799999999,多开,21.0
442,553403.0318580051,2017-10-13,50etf_1803_c_2.651_A,4.773028194904327e-09,20199.910499999998,0.1803,4.0399821000000005,多开,11.0
443,532271.1938580051,2017-10-13,50etf_1803_c_2.7_A,4.773028194904327e-09,21131.837999999996,0.1482,4.2263676,多开,14.0
444,512434.8878580051,2017-10-13,50etf_1803_c_2.602_A,4.773028194904327e-09,19836.306,0.2164,3.9672612000000003,多开,9.0
445,510182.2678580051,2017-10-13,50etf_1711_c_2.8,23610.620000004776,-21358.0,0.0362,4.2716,空开,59.0
446,506980.46785800514,2017-10-13,50etf_1711_c_2.75,48267.42000000477,-21455.000000000004,0.0613,4.291,空开,35.0
447,504122.4878580051,2017-10-13,50etf_1711_c_2.85,72785.40000000477,-21660.0,0.019,4.332,空开,114.0
448,500941.2878580051,2017-10-13,50etf_1711_c_2.7,97548.60000000478,-21582.000000000004,0.0981,4.316400000000001,空开,22.0
449,498109.2878580051,2017-10-13,50etf_1711_c_2.65,121740.60000000478,-21360.0,0.1424,4.272,空开,15.0
450,-422731.093267795,2017-11-10,50etf_1803_c_2.749_A,1073754.0000000047,-20794.714500000002,0.1801,6.236682900000001,多平,17.0
451,-390872.828408395,2017-11-10,50etf_1803_c_2.7_A,1073754.0000000047,-21131.837999999996,0.2235,6.373773,多平,14.0
452,-360902.298503695,2017-11-10,50etf_1803_c_2.651_A,1073754.0000000047,-20199.910499999998,0.2676,5.996113200000001,多平,11.0
453,-332000.906993095,2017-11-10,50etf_1803_c_2.602_A,1073754.0000000047,-19836.306,0.3154,5.7822282000000005,多平,9.0
454,-301447.01980619505,2017-11-10,50etf_1803_c_2.798_A,1073754.0000000047,-20832.398999999998,0.1429,6.112833300000001,多平,21.0
455,-116323.39240619505,2017-11-10,50etf_1711_c_2.8,818107.0000000047,21358.0,0.1195,14.101,空平,59.0
456,-6229.478406195052,2017-11-10,50etf_1711_c_2.75,649022.0000000047,21455.000000000004,0.1685,11.795,空平,35.0
457,356497.77359380486,2017-11-10,50etf_1711_c_2.85,204194.00000000471,21660.0,0.072,16.416000000000004,空平,114.0
458,425365.86079380487,2017-11-10,50etf_1711_c_2.7,87330.00000000473,21582.000000000004,0.2181,9.5964,空平,22.0
459,472333.51879380486,2017-11-10,50etf_1711_c_2.65,4.743924364447594e-09,21360.0,0.269,8.07,空平,15.0
460,448683.94879380486,2017-11-10,50etf_1806_c_2.896_A,4.743924364447594e-09,23649.57,0.129,4.729914,多开,18.0
461,424932.5287938049,2017-11-10,50etf_1806_c_2.946_A,4.743924364447594e-09,23751.42,0.106,4.750284,多开,22.0
462,402403.30879380484,2017-11-10,50etf_1806_c_2.847_A,4.743924364447594e-09,22529.22,0.158,4.505844000000001,多开,14.0
463,379450.3927938048,2017-11-10,50etf_1806_c_2.798_A,4.743924364447594e-09,22952.916,0.1878,4.5905832,多开,12.0
464,356483.2177938048,2017-11-10,50etf_1806_c_2.749_A,4.743924364447594e-09,22967.175,0.2255,4.593435,多开,10.0
465,362236.0317138048,2017-11-10,50etf_1712_c_2.847_A,17468.986080004746,-23221.8,0.06,4.64436,空开,38.0
466,372227.0074638048,2017-11-10,50etf_1712_c_2.946_A,31254.89283000475,-23776.8825,0.0203,4.7553765,空开,115.0
467,376354.13242380484,2017-11-10,50etf_1712_c_2.798_A,50227.34787000475,-23099.579999999998,0.0945,4.619916,空开,24.0
468,378979.0106238049,2017-11-10,50etf_1712_c_2.749_A,70977.04467000475,-23374.575,0.135,4.6749149999999995,空开,17.0
469,380511.6494238049,2017-11-10,50etf_1712_c_2.7_A,91578.44787000475,-22134.042,0.1811,4.4268084000000005,空开,12.0
470,-178945.63481099426,2017-12-08,50etf_1806_c_2.896_A,681054.4503000043,-23649.57,0.1638,6.0058907999999995,多平,18.0
471,-147250.82127599424,2017-12-08,50etf_1806_c_2.946_A,681054.4503000043,-23751.42,0.1415,6.341181,多平,22.0
472,-120197.15783639424,2017-12-08,50etf_1806_c_2.847_A,681054.4503000043,-22529.22,0.1898,5.4127164,多平,14.0
473,-93734.19098999424,2017-12-08,50etf_1806_c_2.798_A,681054.4503000043,-22952.916,0.2166,5.2945704,多平,12.0
474,-68128.63247999424,2017-12-08,50etf_1806_c_2.749_A,681054.4503000043,-22967.175,0.2515,5.123055000000001,多平,10.0
475,58491.15022620569,2017-12-08,50etf_1712_c_2.847_A,534184.3059000045,23221.8,0.0523,4.0483338,空平,38.0
476,336988.72080120526,2017-12-08,50etf_1712_c_2.946_A,238460.79390000488,23776.8825,0.0147,3.4435485,空平,115.0
477,416173.57260600524,2017-12-08,50etf_1712_c_2.798_A,138269.7267000049,23099.579999999998,0.0859,4.199479200000001,空平,24.0
478,471982.9502790052,2017-12-08,50etf_1712_c_2.749_A,60288.6816000049,23374.575,0.128,4.432512000000001,空平,17.0
479,511045.5695922052,2017-12-08,50etf_1712_c_2.7_A,4.903995431959629e-09,22134.042,0.1736,4.243478400000001,空平,12.0
480,488377.5695922052,2017-12-08,50etf_1806_c_2.85,4.903995431959629e-09,22668.0,0.1889,4.5336,多开,12.0
481,464537.5695922052,2017-12-08,50etf_1806_c_3.0,4.903995431959629e-09,23840.0,0.1192,4.768,多开,20.0
482,440151.62409220525,2017-12-08,50etf_1806_c_3.044_A,4.903995431959629e-09,24385.945499999998,0.1041,4.8771891,多开,23.0
483,416795.3820922052,2017-12-08,50etf_1806_c_2.896_A,4.903995431959629e-09,23356.242000000002,0.1638,4.6712484000000005,多开,14.0
484,392389.0665922052,2017-12-08,50etf_1806_c_3.142_A,4.903995431959629e-09,24406.315499999997,0.0773,4.8812631,多开,31.0
485,395187.7265922052,2017-12-08,50etf_1801_c_2.9,21186.340000004904,-23985.000000000004,0.0585,4.797000000000001,空开,41.0
486,401827.5317922052,2017-12-08,50etf_1801_c_3.142_A,38884.610800004906,-24338.076,0.0103,4.8676152,空开,232.0
487,406101.7587072052,2017-12-08,50etf_1801_c_3.24_A,59005.4958850049,-24395.112,0.0048,4.8790224,空开,499.0
488,410881.98660720524,2017-12-08,50etf_1801_c_3.044_A,78600.0099850049,-24374.742000000002,0.0193,4.874948400000001,空开,124.0
489,412221.7866072052,2017-12-08,50etf_1801_c_2.85,101011.2099850049,-23751.000000000004,0.0819,4.7502,空开,29.0
490,-1481873.8258041947,2017-12-29,50etf_1806_c_2.896_A,2018054.5497500054,-23356.242000000002,0.161,4.591398,多平,14.0
491,-1459730.7898041946,2017-12-29,50etf_1806_c_2.85,2018054.5497500054,-22668.0,0.1846,4.430400000000001,多平,12.0
492,-1436200.2658041946,2017-12-29,50etf_1806_c_3.0,2018054.5497500054,-23840.0,0.1177,4.708,多平,20.0
493,-1412058.2828313948,2017-12-29,50etf_1806_c_3.044_A,2018054.5497500054,-24385.945499999998,0.1031,4.8303381,多平,23.0
494,-1387440.7595604947,2017-12-29,50etf_1806_c_3.142_A,2018054.5497500054,-24406.315499999997,0.078,4.925466,多平,31.0
495,-1263710.4675604948,2017-12-29,50etf_1801_c_2.9,1879761.5497500054,23985.000000000004,0.0355,2.9109999999999996,空平,41.0
496,-790777.8896020948,2017-12-29,50etf_1801_c_3.142_A,1401860.9797500053,24338.076,0.0021,0.9924264,空平,232.0
497,225933.3306625054,2017-12-29,50etf_1801_c_3.24_A,380061.5490000051,24395.112,0.001,1.016463,空平,499.0
498,481103.89140970545,2017-12-29,50etf_1801_c_3.044_A,116928.00000000506,24374.742000000002,0.0063,1.5913044,空平,124.0
499,581493.8352097054,2017-12-29,50etf_1801_c_2.85,5.078618414700031e-09,23751.000000000004,0.057,3.306,空平,29.0
